ts	phase	decision	why	evidence	result
2026-10-10T06:53:53Z	frame	Implement the eight-phase plan on one migration branch without compatibility enforcement	User authorized the implementation, hard cutover, deployment and product acceptance; no delegated agents	docs/tengri/ofz-enterprise-authorization-plan.md; f65e44e0c2703fb50adace16740f6d57895d4460	IN PROGRESS
2026-10-10T06:53:53Z	recovery	Use NUC as the independent recovery host; verify storage before deployment	User selected NUC; its current 63 GiB free cannot cover the 192 GiB uncompressed fleet home ceiling	devices/nuc/README.md; ssh kalmyk@nuc.ide-newton.ts.net df -h /home	Capacity qualification pending
2026-10-10T07:11:09Z	P1	Disable both native dispatch caches in the qualification fixture	Fully consistent bulk checks retained an expired allow with dispatch caches enabled on both memory and PostgreSQL; disabling both passed without weakening the expiry assertion	services/ofz/test-policy.sh; services/ofz/tests/policy.py	486 real permission assertions passed
2026-10-10T07:11:09Z	P1	Gate every current protected surface against the typed action catalog	New methods and routes must fail before they can bypass explicit policy classification	services/ofz/tests/inventory.py; services/ofz/tests/test_inventory.py; .github/workflows/ofz.yaml	5 Rust tests and 3 inventory tests passed
2026-10-10T07:24:40Z	P1-review	Bind delegation fixture to native issuer and workspace relations; inventory every Go handler registration	Review reproduced incomplete coverage and unbound fixture checks	492 real PostgreSQL/SpiceDB assertions; four inventory tests with six injected Go handler cases	Passed locally; production unchanged
2026-10-10T07:35:23Z	P1-review	Inventory gateway and supervisor HTTP methods and BFF HEAD/OPTIONS	Path-only classification collapsed distinct handlers	163 classified operations; five inventory tests including method injections	Passed locally
2026-10-10T11:57:31Z	review	Reject operation object aliases and commented Go registrations; classify audit reads with AUDIT_READ	The catalog must reject unclassified dispatch before runtime integration and distinguish auditor authority from workload identity	14 inventory regressions and Rust catalog policy assertion; two new bypass regressions fail against the previous scanner	Local checks pass; review fix ready for CI
2026-10-10T12:06:36Z	review	Scan all gateway routes and normalized RPC declarations; bind BFF schema actions to handlers; require human policy-read authority for rosters	Helper routers, protobuf comments and computed discriminator reads must not hide an operation from the inventory gate	18 inventory tests; eight new bypass subcases fail against the previous scanner; Rust policy/audit action contract	Local checks pass; runtime deny-by-default enforcement remains mandatory
2026-10-10T12:19:38Z	review	Inventory browser pre-validation branches and every Go handler selector; trigger schema-only validation	New browser actions and alternate valid Go receiver syntax cannot evade classification; schema dependencies must run the gate on PRs and main	21 inventory tests and prior-scanner failures for browser branches and Go selector forms; source-filter regression covers both workflow events	Local checks pass; GitHub merge waits for these new review fixes
2026-10-10T08:26:56Z	P2	Restrict access atomically with command intent and reconcile before listen	Native transfer can finish before its SQL receipt; deny-only restrictions must survive that crash without exposing retained guest data	TLS PostgreSQL and SpiceDB integration: 16 commands, 41 immutable receipts, native/SQL/response faults, actual running epoch transfer probe; server dry run seven resources	Passed isolated control proof; production excluded until coordinated cutover
2026-10-10T08:50:52Z	P2	Close four automatic review findings in the owning control-service layer	Repeated tuples must not stall reconciliation; controller machine authority must not become human administration; sessions need real idle semantics and stable logout receipts	Real PostgreSQL 18.1 and checksum-verified SpiceDB 1.56.2: 18 commands, 47 immutable receipts; Clippy, unit and inventory checks	Local regressions pass; exact pinned-container CI required on the fix commit
2026-10-10T11:28:30Z	P2	Bind human reads and expose emergency authority; fence archive backlog	Only BFF may read human policy or audit; effective emergency access must remain visible and revocable; exporter liveness is not durable acknowledgement	Real TLS PostgreSQL 18.1 and SpiceDB 1.56.2: 20 commands, 56 receipts; 587 policy assertions; Clippy and unit suite	Passed locally; production cutover remains held
2026-10-10T12:03:28Z	review	Bind establishment retries to a caller-generated credential hash and full request fingerprint; recheck archive health; prohibit live epoch replacement	Lost replies must recover the same active session, archive failures must fence in-flight disclosure, and the real guest epoch must remain stoppable	Real TLS PostgreSQL and SpiceDB fixture; all three regressions fail with their prior implementation and pass with the fixes; 587 native policy assertions	21 commands and 59 immutable receipts passed locally; exact pinned container qualification remains CI
2026-10-10T12:25:30Z	review	Require MFA for privileged policy reads and fence non-revoking controller commands on fresh archive state	Privileged roster/audit disclosure and controller-issued grants must satisfy the same identity and archive contract as human controls	Real TLS PostgreSQL and SpiceDB regressions fail with previous MFA/enrollment code; 21 commands and 60 immutable receipts pass after fixes	Local proof passed; ordinary privileged reads accept verified MFA without requiring fresh step-up
2026-10-10T12:36:05Z	P2	Qualify exact NUC control containers	Keep operational grants alive for remote revocation proof and bound the native race barrier; retain separate expiry checks	/tmp/ofz-p2-nuc-control-ttl.log; /tmp/ofz-p2-remote-ttl-local.log	Pinned PostgreSQL 18.6 and SpiceDB passed: 21 commands, 60 immutable receipts; local units, Clippy and 21 inventory regressions passed
2026-10-10T10:09:18Z	P3	Keep Ofz as the only browser session authority and atomically revoke replaced credentials	Opaque SQL credentials must survive BFF replica changes and become unusable after step-up or logout; numeric GitHub owner IDs preserve draft identity	Real Keycloak 26.7.3, Chromium passkeys, SPIFFE BFF/Ofz wire, PostgreSQL and SpiceDB; 26 assertions	PASS isolated identity, admission, MFA, roles, quotas, minimum administrators, identity separation and revocation; production pending
2026-10-10T10:09:18Z	P3	Require basic and acr client scopes plus independent Ofz verification	Real callback rejected a missing auth_time claim; verification must not weaken to accept an incomplete identity response	Keycloak 26.7.3 OIDCLoginProtocolFactory basic scope; real browser success and signed assurance downgrade denial	PASS issuer claim binding with immutable denial receipts; no legacy authentication fallback
2026-10-10T10:11:29Z	release	Withhold Tengri, Nanoagent and Proompteng Kargo aliases during the hard migration	Partial identity/runtime enforcement layers must not auto-deploy before reviewed migration and old-writer fencing	Verified paired runtime workflow and product Nix workflow both consult TENGRI_PREPARED_SLOT_CUTOVER_READY; GitHub variable readback false	Publication held; no production workload mutation
2026-10-10T11:51:52Z	P3	Authorize external identity lookup and reconcile rotated realm secrets	Unauthorised members must not consume GitHub lookup quota; repeated bootstrap must update credentials while retaining users and passkeys	Pinned Bun 1.4.2 Chromium/Keycloak fixture: 41 assertions; TLS PostgreSQL/SpiceDB control: 25 commands, 70 receipts; 296 Landing tests	Passed isolated browser and control checks; production pending
2026-10-10T12:15:15Z	proof	Retry the exact session establishment request once on an uncertain Ofz response	The browser must receive the committed credential after a lost reply without duplicating or orphaning that RPC result	Real Keycloak, passkey, TLS PostgreSQL, SpiceDB, Ofz and BFF browser flow: 44 assertions; 26 commands and 76 receipts; 296 Landing tests; disabling recovery fails the browser callback	Local proof passed; NUC access restored with the same matching existing SSH key; deployed qualification remains pending
2026-10-10T12:43:52Z	P3	Qualify identity and administration against pinned NUC containers after current-main restack	Preserve current Tengri changes and test the actual TLS database, broker, passkey and BFF/Ofz wire boundaries	/tmp/ofz-p3-nuc-control.log; /tmp/ofz-p3-nuc-identity.log; /tmp/ofz-p3-restacked-deps.log	26 commands, 79 receipts and 44 browser assertions passed; 296 Landing tests and 22 inventory regressions passed; native Linux dependency hashes remain CI
2026-10-10T13:10:59Z	P3	Fix native dependency hashes and spoofable rate-limit buckets; keep prepared directories out of active build inventory	Linux build output is authoritative; direct LoadBalancer traffic makes supplied proxy headers untrusted; unreferenced Ofz manifests are not deployed	/tmp/ofz-p3-native-nix-failed.log; /tmp/ofz-p3-traefik-proof.log; /tmp/ofz-p3-ci-fixes.log	57 focused checks pass; exact Traefik previous configuration admits seventh request and fixed configuration returns 429; full native scripts run has seven unrelated toolchain failures; Linux CI pending
2026-10-10T13:31:46Z	P3	Align emergency access catalog with the actual administrator check	The reviewed operation contract must agree with both BFF preflight and command authorization	Rust catalog regression, eight unit tests, Clippy; previous head 371f53f7a2 passed all CI and both native Linux product image builds	Local contract checks passed; current-head CI required
2026-10-10T13:56:49Z	P3	Align logout catalog and wait for the pinned Keycloak WebAuthn module	Logout enforces session revocation; a visible button is actionable before its module listener attaches	/tmp/ofz-p3-dcl-nuc-identity.log; pinned Keycloak 26.7.3 theme; Rust catalog regression	44 browser assertions, eight Rust units, Clippy and 22 inventory regressions pass; current-head CI required
2026-10-10T14:16:36Z	P3	Recover committed access commands before role preflight; clear cancelled OAuth attempts	Transfers and self-demotions remove the permission needed for a new command; recovery must bind the original request without another external lookup	/tmp/ofz-p3-recovery-nuc-identity.log; /tmp/ofz-p3-recovery-nuc-control.log; /tmp/ofz-p3-callback-before.log	52 browser assertions; 26 commands / 79 receipts; 297 Landing tests; cancelled-callback regression fails before fix; current-head CI required
2026-10-10T15:11:51Z	P4	Bind lifecycle IDs to the original typed user intent and carry immutable runtime intent in the receipt	A retry after a newer runtime epoch must recover its original effect; old status cannot acknowledge a newer command	303 BFF tests; real Ofz wire and process-loss fixture prepared; observed policy version in runtime status	Local BFF and Rust gates passed; isolated pinned rerun pending
2026-10-10T15:11:51Z	P4	Release only proven unclaimed creation candidates; retain claimed homes missing Ofz enrollment	Cancellation can precede enrollment, while absence of authority never proves retained storage safe to delete	CAS cancellation and exact-home cleanup regressions; reservation release and enrollment collision wire checks	18 shared-state regressions prepared; pinned sequential rerun pending
2026-10-10T15:34:12Z	P4	Split the real control fixture into boxed behavioral phases	Bound the test future stack without changing authority or SQL deadlines	control fixture 29 commands / 91 immutable receipts; Ofz Clippy	PASS
2026-10-10T15:34:12Z	P4	Track signal-terminated fixture children during cleanup	Replica-loss proof deliberately SIGKILLs a process whose exitCode stays null	54 browser assertions and Ofz wire passed; cleanup rerun pending	pending
2026-10-10T15:40:23Z	P4	Prove shared-state lifecycle enforcement against real dependencies	A merged schema or healthy pod cannot prove runtime authorization	19 PostgreSQL shared-state tests; 29 commands/91 receipts; 54 Chromium/Keycloak/Ofz assertions including serving-replica loss; 303 Landing tests; 120 Rust units and 2 Go/Rust fixtures	PASS locally; CI/review and cluster qualification pending
2026-10-10T16:08:42Z	P4	runtime-review-fixes	Correct list policy and renew only the final metadata decision after validated enrollment; retain raw submission TTL and production SQL deadlines	/tmp/ofz-runtime-metadata-before.log /tmp/ofz-runtime-enrollment-before.log /tmp/ofz-runtime-metadata-after.log /tmp/ofz-runtime-nuc-shared-review-after.log /tmp/ofz-proompteng-source-after.json	Both previous implementations fail; signed real Ofz calls, 54 browser assertions, 19 shared-state tests, Rust, Clippy, 303 BFF tests and typed inventory pass; remote CI remains pending
2026-10-10T16:40:34Z	P4	Reject superseded lifecycle receipts and scope pending operations to the authenticated principal	A newer resume must not acknowledge an uncompleted sleep; another account must not inherit a reservation ID	/tmp/ofz-runtime-superseded-principal-before.log; /tmp/ofz-runtime-review2-bff.log; /tmp/ofz-runtime-review2-browser-after.log; /tmp/ofz-runtime-review2-tsc.log; /tmp/ofz-runtime-review2-inventory-tests.log	Five regressions fail before; 309 units, five Chromium scenarios, TypeScript and 22 inventory regressions pass; production unchanged
